{"submit_as_hold": false, "rerunnable": false, "job_name": "aiida-581", "sched_output_path": "_scheduler-stdout.txt", "shebang": "#!/bin/bash", "sched_error_path": "_scheduler-stderr.txt", "sched_join_files": false, "prepend_text": "", "append_text": "echo $? > status", "job_resource": {"num_machines": 1, "num_mpiprocs_per_machine": 40, "num_cores_per_machine": null, "num_cores_per_mpiproc": null, "tot_num_mpiprocs": 40}, "codes_info": [{"prepend_cmdline_params": [], "cmdline_params": ["/home/a/aspuru/malcolms/laser/laser_xtb_crest.sh", "/home/a/aspuru/malcolms/laser/testing/lib/funcs.sh", "structfile.xyz"], "use_double_quotes": [true, false], "wrap_cmdline_params": false, "stdin_name": null, "stdout_name": "stdout", "stderr_name": "stderr", "join_files": null}], "codes_run_mode": 0, "import_sys_environment": false, "job_environment": {}, "environment_variables_double_quotes": false, "max_memory_kb": null, "max_wallclock_seconds": 10800}